{
  "timestamp": "2025-08-14T12:47:17.212307",
  "test_type": "A+ Authentication Performance",
  "concurrent_results": {
    "10_users": {
      "concurrent_users": 10,
      "total_requests": 50,
      "total_time_s": 0.2562034179991315,
      "throughput_ops_per_sec": 195.15742760375468,
      "avg_response_time_ms": 47.02450799995859,
      "p95_response_time_ms": 63.66218299990578,
      "success_rate": 1.0,
      "a_plus_target_met": false
    },
    "25_users": {
      "concurrent_users": 25,
      "total_requests": 125,
      "total_time_s": 0.7517471629998909,
      "throughput_ops_per_sec": 166.27931058785805,
      "avg_response_time_ms": 135.15734845603583,
      "p95_response_time_ms": 186.3595600007102,
      "success_rate": 1.0,
      "a_plus_target_met": false
    },
    "50_users": {
      "concurrent_users": 50,
      "total_requests": 250,
      "total_time_s": 1.07558492499993,
      "throughput_ops_per_sec": 232.43166967965476,
      "avg_response_time_ms": 195.8472465640516,
      "p95_response_time_ms": 226.886217998981,
      "success_rate": 1.0,
      "a_plus_target_met": true
    },
    "100_users": {
      "concurrent_users": 100,
      "total_requests": 500,
      "total_time_s": 2.134139770998445,
      "throughput_ops_per_sec": 234.28643559089755,
      "avg_response_time_ms": 386.07162496396995,
      "p95_response_time_ms": 495.2564480008732,
      "success_rate": 1.0,
      "a_plus_target_met": true
    }
  },
  "sustained_results": {
    "target_rps": 200,
    "actual_rps": 194.96349076642252,
    "duration_s": 30.00561785697937,
    "total_requests": 5850,
    "success_rate": 1.0,
    "avg_response_time_ms": 28.085226136910592,
    "p95_response_time_ms": 42.86664400024165,
    "rps_efficiency": 0.9748174538321126,
    "a_plus_sustained": true
  },
  "grade": {
    "score": 75,
    "percentage": 0.75,
    "letter_grade": "B+",
    "is_a_plus": false,
    "issues": [
      "Concurrent throughput 234 meets A+ minimum (200) but below excellent (250)",
      "Sustained performance 195 RPS below A+ excellence",
      "P95 response time 63.7ms significantly above A+ target",
      "Poor scalability with increased concurrency"
    ],
    "best_throughput": 234.28643559089755,
    "sustained_rps": 194.96349076642252,
    "best_p95_ms": 63.66218299990578
  }
}