{
  "timestamp": "2025-08-13T19:28:15.925025",
  "results": {
    "sequential_auth_ms": 14.29178218002562,
    "concurrent_auth_ms": 67.13150660001702,
    "sequential_throughput": 69.97027994154661,
    "concurrent_throughput": 14.896135222440344,
    "meets_requirements": false
  }
}